Scenario,Concurrency,Iteration,Throughput_RPS,P99_ms,Success_Rate,Heap_MB,Thread_Count,Pool_Size
PT_IO_Wait,4000,2,2824.51,4109.93,100.00,525,4125,100
PT_IO_Wait,4000,3,2891.56,4902.17,100.00,679,4125,100
PT_IO_Wait,4000,4,2706.24,5228.93,100.00,420,4125,100
PT_IO_Wait,4000,5,2636.55,4587.07,100.00,323,4125,100
PT_IO_Wait,8000,2,2471.28,10126.06,100.00,486,8125,100
PT_IO_Wait,8000,3,2630.54,10163.03,100.00,575,8125,100
PT_IO_Wait,8000,4,2779.52,8922.70,100.00,494,8125,100
PT_IO_Wait,8000,5,2628.20,10217.00,100.00,761,8125,100
VT_IO_Wait,4000,2,2403.42,15084.49,100.00,1217,137,100
VT_IO_Wait,4000,3,2293.72,16108.67,100.00,765,137,100
VT_IO_Wait,4000,4,2476.97,13839.76,100.00,1007,137,100
VT_IO_Wait,4000,5,2484.38,14062.83,100.00,1194,137,100
VT_IO_Wait,8000,2,2438.22,28889.66,100.00,2395,136,100
VT_IO_Wait,8000,3,1773.33,41022.27,100.00,2441,136,100
VT_IO_Wait,8000,4,2388.53,28721.47,100.00,2465,136,100
VT_IO_Wait,8000,5,2401.83,29341.86,100.00,2130,136,100
